,customer,state,gender,education,customer_lifetime_value,income,monthly_premium_auto,number_of_open_complaints,policy_type,vehicle_class,total_claim_amount
0,AI49188,Nevada,F,Bachelor,1288743.17,48767.0,108.0,0,Personal Auto,Two-Door Car,566.472247
1,GA49547,Washington,M,High School or Below,536307.65,36357.0,68.0,0,Personal Auto,Four-Door Car,17.269323
2,OC83172,Oregon,F,Bachelor,825629.78,62902.0,69.0,0,Personal Auto,Two-Door Car,159.383042
3,XZ87318,Oregon,F,College,538089.86,55350.0,67.0,0,Corporate Auto,Four-Door Car,321.6
4,DY87989,Oregon,M,Bachelor,2412750.4,14072.0,71.0,0,Corporate Auto,Four-Door Car,511.2
5,BQ94931,Oregon,F,College,738817.81,28812.0,93.0,0,Special Auto,Four-Door Car,425.527834
6,QK46697,Washington,M,Bachelor,617710.93,61040.0,79.0,1,Personal Auto,Two-Door Car,20.382876
7,HS14476,Washington,M,College,916206.32,29723.0,80.0,0,Personal Auto,Four-Door Car,20.985105
8,YD87931,Washington,M,Doctor,495165.61,46896.0,35354.0,1,Personal Auto,Four-Door Car,31.707317
9,NW21079,Washington,F,Master,487938.48,67163.0,61.0,2,Personal Auto,Two-Door Car,33.192803
10,YB66933,Washington,F,Bachelor,538275.2,77552.0,68.0,1,Corporate Auto,Four-Door Car,45.215059
11,GP39118,Washington,M,High School or Below,499655.27,71600.0,63.0,0,Personal Auto,Two-Door Car,46.158117
12,SG20925,Washington,F,Master,518579.76,99428.0,6464.0,1,Personal Auto,Four-Door Car,48.046869
13,FM14335,Washington,F,College,1048491.54,61108.0,89.0,0,Personal Auto,Four-Door Car,49.451117
14,HS28694,Washington,F,High School or Below,282986.39,25317.0,71.0,0,Personal Auto,Two-Door Car,50.422181
15,LH92841,Washington,F,Bachelor,725595.38,88891.0,89.0,0,Personal Auto,Four-Door Car,50.528355
16,AZ95587,Arizona,F,Bachelor,1038855.32,61222.0,89.0,0,Special Auto,Four-Door Car,392.604371
17,OJ94107,Arizona,M,Master,561906.85,50335.0,140.0,0,Personal Auto,SUV,456.52385
18,FF22360,Washington,F,Doctor,268731.41,82210.0,68.0,4,Personal Auto,Four-Door Car,51.961915
19,ZU18643,Nevada,M,Bachelor,366077.03,64495.0,92.0,0,Corporate Auto,Four-Door Car,251.992083
20,XC67861,Arizona,F,Bachelor,501175.16,28859.0,67.0,3,Corporate Auto,Two-Door Car,321.6
21,YC43143,Arizona,F,High School or Below,798825.83,77330.0,99.0,0,Personal Auto,Four-Door Car,99.257608
22,PA38372,Washington,F,High School or Below,935773.78,33060.0,117.0,0,Personal Auto,Four-Door Car,56.731578
23,RO18530,Washington,M,Master,254068.98,42557.0,65.0,0,Personal Auto,Four-Door Car,57.562324
24,PD27940,Arizona,M,High School or Below,488516.25,26372.0,126.0,0,Personal Auto,SUV,604.8
25,BS77946,Arizona,F,Bachelor,975330.71,17514.0,127.0,0,Personal Auto,SUV,8.312729
26,YM50253,Californiafornia,F,Bachelor,294615.37,89270.0,74.0,0,Personal Auto,Four-Door Car,316.599228
27,NR15332,Californiafornia,M,High School or Below,258111.09,29757.0,65.0,0,Personal Auto,Four-Door Car,312.0
28,RC62865,Oregon,M,College,351738.58,51814.0,92.0,0,Personal Auto,Four-Door Car,56.300724
29,CC15295,Oregon,F,Bachelor,974335.01,24028.0,82.0,0,Personal Auto,Four-Door Car,393.6
30,KA61892,Arizona,M,College,387364.7,28142.0,105.0,0,Personal Auto,Luxury,701.708239
31,OS94884,Arizona,F,Bachelor,764928.2,52705.0,64.0,1,Personal Auto,Two-Door Car,128.705563
32,OY51402,Washington,F,High School or Below,825576.39,54040.0,103.0,0,Personal Auto,SUV,59.987126
33,GK92563,Washington,F,Doctor,681923.12,22492.0,85.0,0,Personal Auto,Two-Door Car,61.654262
34,RI78966,Oregon,M,Master,777115.9,21876.0,68.0,0,Personal Auto,Four-Door Car,465.41477
35,HT87217,Oregon,F,High School or Below,1977656.65,70699.0,82.0,0,Personal Auto,Four-Door Car,256.813837
36,TS19868,Californiafornia,M,College,241313.97,27501.0,63.0,0,Personal Auto,Four-Door Car,542.319401
37,LP45550,Oregon,F,Doctor,1536384.72,15897.0,101.0,0,Personal Auto,Four-Door Car,303.148399
38,QR87004,Nevada,F,College,845696.19,25141.0,73.0,1,Personal Auto,Four-Door Car,25.438063
39,DX91392,Californiafornia,M,High School or Below,578018.22,51066.0,74.0,0,Personal Auto,Four-Door Car,787.993313
40,AB72731,Californiafornia,F,Bachelor,463998.16,28358.0,117.0,0,Personal Auto,Luxury,84.024413
41,GX84338,Washington,F,Doctor,382443.13,62530.0,95.0,0,Personal Auto,Four-Door Car,61.693771
42,IS12901,Arizona,F,Bachelor,596811.89,90972.0,74.0,0,Personal Auto,Two-Door Car,232.926145
43,BN90616,Washington,F,Bachelor,859033.5,63110.0,72.0,0,Personal Auto,Four-Door Car,68.179721
44,HH90090,Californiafornia,F,Bachelor,407663.47,29549.0,104.0,0,Personal Auto,Luxury,710.433775
45,KC11055,Nevada,F,Bachelor,1693627.15,39411.0,217.0,2,Personal Auto,Luxury,1122.658899
46,PD33979,Oregon,M,High School or Below,489243.55,21709.0,62.0,0,Personal Auto,Four-Door Car,408.374746
47,NK71023,Nevada,M,Bachelor,994230.48,67890.0,85.0,0,Personal Auto,Four-Door Car,408.0
48,OZ97704,Californiafornia,F,High School or Below,1311752.22,84311.0,111.0,4,Personal Auto,SUV,532.8
49,UF46533,Californiafornia,F,College,457452.41,99316.0,114.0,0,Corporate Auto,SUV,754.358929
50,XP47431,Arizona,F,Bachelor,547006.06,54507.0,138.0,0,Personal Auto,SUV,702.990032
51,GK73582,Californiafornia,F,Bachelor,297884.6,64586.0,76.0,0,Personal Auto,Four-Door Car,206.837111
52,RV98763,Oregon,M,College,641096.75,61709.0,82.0,2,Personal Auto,Four-Door Car,275.395894
53,II62831,Californiafornia,M,Master,447902.31,94656.0,111.0,1,Special Auto,SUV,459.738128
54,TR85083,Californiafornia,M,Bachelor,276449.37,61085.0,70.0,1,Personal Auto,Two-Door Car,336.0
55,EO95328,Oregon,F,Bachelor,792010.54,89284.0,67.0,3,Personal Auto,Two-Door Car,321.6
56,YL83902,Washington,F,Bachelor,327419.46,31686.0,81.0,0,Personal Auto,Four-Door Car,430.994107
57,AZ62651,Oregon,M,High School or Below,995170.77,56855.0,255.0,0,Corporate Auto,Luxury,1836.0
58,ZW25874,Oregon,M,Bachelor,252155.57,53703.0,67.0,2,Special Auto,Four-Door Car,67.632476
59,MW70227,Californiafornia,M,College,604702.52,20396.0,76.0,1,Personal Auto,Four-Door Car,364.8
60,SL22297,Californiafornia,F,Master,1114030.25,27679.0,150.0,0,Personal Auto,SUV,722.486994
61,RV14138,Nevada,F,Bachelor,433406.41,23904.0,123.0,3,Personal Auto,SUV,590.4
62,UO62808,Arizona,F,High School or Below,279974.79,65351.0,69.0,0,Corporate Auto,Four-Door Car,481.027516
63,XX12304,Californiafornia,F,College,292497.67,64459.0,72.0,0,Personal Auto,Four-Door Car,240.259479
64,SD64087,Californiafornia,M,College,1501409.27,32961.0,190.0,0,Corporate Auto,SUV,912.0
65,OY38576,Oregon,F,High School or Below,927723.38,71416.0,116.0,0,Corporate Auto,SUV,556.8
66,BG76355,Washington,F,Bachelor,627412.39,68964.0,78.0,0,Personal Auto,Four-Door Car,115.086827
67,IP66913,California,M,High School or Below,388664.74,78108.0,98.0,0,Personal Auto,Two-Door Car,470.4
68,LE95702,California,M,College,438627.76,10621.0,67.0,0,Special Auto,Four-Door Car,321.6
69,KX54357,Washington,M,College,1136526.77,84910.0,95.0,0,Corporate Auto,Two-Door Car,383.167471
70,EZ78112,California,F,High School or Below,561096.43,77493.0,70.0,0,Special Auto,Four-Door Car,307.963291
71,XN16891,Arizona,M,College,291289.2,81097.0,74.0,0,Personal Auto,Four-Door Car,355.2
72,XK31350,Oregon,F,College,691572.99,96610.0,85.0,0,Corporate Auto,Four-Door Car,520.364752
73,CC30924,Oregon,M,College,626266.33,30110.0,159.0,0,Corporate Auto,Luxury,466.436375
74,IT78748,Oregon,F,High School or Below,650339.7,22081.0,84.0,0,Special Auto,Two-Door Car,451.670309
75,CO44221,California,M,College,292991.65,98473.0,72.0,0,Personal Auto,Four-Door Car,345.6
76,LK60013,Oregon,F,Bachelor,596955.3,97431.0,74.0,0,Personal Auto,Four-Door Car,355.2
77,DE21533,California,M,Bachelor,547315.99,93870.0,69.0,0,Personal Auto,Four-Door Car,331.2
78,YS94121,Nevada,M,High School or Below,564539.67,50366.0,72.0,0,Personal Auto,Four-Door Car,428.734656
79,UK68427,Washington,M,High School or Below,636926.24,34498.0,83.0,0,Personal Auto,Two-Door Car,398.4
80,TE49565,Oregon,F,College,1183376.73,16552.0,103.0,0,Personal Auto,SUV,494.4
81,RA88421,Oregon,F,College,612110.79,26787.0,77.0,0,Personal Auto,Four-Door Car,369.6
82,CD88896,Nevada,F,High School or Below,251459.2,43860.0,65.0,0,Corporate Auto,Four-Door Car,156.124914
83,YV22553,Arizona,M,High School or Below,866861.13,21474.0,114.0,2,Corporate Auto,SUV,373.428187
84,WU14435,California,M,Bachelor,496096.54,18174.0,66.0,0,Corporate Auto,Four-Door Car,395.934815
85,RI24911,Arizona,M,College,750745.54,60920.0,64.0,0,Personal Auto,Two-Door Car,231.201886
86,KO26461,Arizona,M,High School or Below,3226985.14,41520.0,90.0,0,Personal Auto,Four-Door Car,289.904105
87,BH36570,California,M,Bachelor,591278.38,72208.0,73.0,0,Personal Auto,Two-Door Car,350.4
88,TX17484,California,F,Bachelor,1518227.98,53863.0,63.0,0,Personal Auto,Four-Door Car,105.765111
89,CT41158,Washington,M,College,1074703.09,66446.0,136.0,0,Corporate Auto,SUV,639.464548
90,DE55857,Washington,F,Bachelor,246544.49,64997.0,63.0,1,Personal Auto,Four-Door Car,383.442328
91,LF66923,Nevada,F,High School or Below,534312.13,64460.0,66.0,0,Corporate Auto,Two-Door Car,316.8
92,CN24514,Arizona,F,College,811982.91,46618.0,67.0,0,Personal Auto,Four-Door Car,99.085943
93,HP36979,California,M,College,640878.56,49988.0,84.0,5,Personal Auto,Two-Door Car,566.935022
94,RO73268,California,M,Bachelor,321107.0,16269.0,86.0,0,Corporate Auto,Two-Door Car,412.8
95,HO61691,Arizona,F,Bachelor,509452.23,72006.0,64.0,0,Personal Auto,Four-Door Car,307.2
96,HR10526,California,M,Master,804473.07,44320.0,67.0,0,Personal Auto,Four-Door Car,321.6
97,IA63417,Arizona,F,High School or Below,400151.91,19782.0,108.0,0,Personal Auto,Two-Door Car,773.470977
98,BH35016,Nevada,F,Bachelor,1670611.7,63933.0,70.0,0,Personal Auto,Two-Door Car,424.883448
99,PK52952,Arizona,M,Doctor,854441.11,28224.0,109.0,0,Personal Auto,SUV,523.2
100,OD76309,Washington,F,College,780531.29,21073.0,106.0,1,Personal Auto,SUV,508.8
101,IL28481,Oregon,M,Bachelor,611275.69,63243.0,77.0,0,Personal Auto,Four-Door Car,364.240307
102,GY55092,Nevada,M,High School or Below,477294.38,20993.0,133.0,0,Personal Auto,SUV,638.4
103,UF33451,Oregon,F,Bachelor,1097909.56,94827.0,135.0,0,Personal Auto,SUV,354.729129
104,CF15558,California,F,Master,500426.38,39161.0,63.0,1,Personal Auto,Two-Door Car,283.995953
105,JM62924,Washington,M,Bachelor,1322304.38,37534.0,84.0,2,Personal Auto,Four-Door Car,403.2
106,EM66435,Oregon,F,Bachelor,262331.54,80210.0,65.0,0,Corporate Auto,Four-Door Car,20.543176
107,JI71369,California,F,College,510611.18,30110.0,64.0,0,Personal Auto,Four-Door Car,140.165035
108,JU93290,Arizona,F,College,1793060.45,21708.0,68.0,0,Personal Auto,Four-Door Car,326.4
109,GU66096,Arizona,M,High School or Below,545734.26,94731.0,67.0,0,Personal Auto,Four-Door Car,321.6
110,UC33108,California,M,Bachelor,656364.41,32375.0,83.0,0,Personal Auto,Four-Door Car,398.4
111,LW93867,Oregon,M,College,481252.52,16531.0,63.0,0,Corporate Auto,Four-Door Car,102.879769
112,OU78470,Arizona,F,Master,2932804.19,32006.0,94.0,0,Corporate Auto,Four-Door Car,56.868289
113,XW90265,Arizona,F,Bachelor,577352.07,81676.0,72.0,0,Personal Auto,Two-Door Car,463.158502
114,HS67749,California,M,College,684711.89,71038.0,86.0,0,Corporate Auto,Four-Door Car,205.444066
115,UI64281,Nevada,F,Master,2285561.21,20832.0,65.0,0,Personal Auto,Two-Door Car,56.371967
116,AZ74055,Oregon,M,High School or Below,411557.74,52405.0,103.0,0,Personal Auto,Four-Door Car,494.4
117,AY40674,Washington,F,Bachelor,482141.85,26583.0,1005.0,4,Personal Auto,SUV,614.4
118,NA12740,Oregon,M,Master,500431.05,25486.0,65.0,0,Special Auto,Two-Door Car,72.438681
119,UA84837,Arizona,M,College,863005.39,24065.0,111.0,0,Corporate Auto,Four-Door Car,532.8
120,DJ51510,Arizona,F,High School or Below,932208.51,70435.0,116.0,0,Personal Auto,Four-Door Car,67.881546
121,OH60605,Oregon,F,High School or Below,365253.24,39679.0,92.0,0,Personal Auto,Two-Door Car,641.388616
122,LQ13873,Nevada,M,High School or Below,556945.62,53565.0,71.0,1,Personal Auto,Four-Door Car,340.8
123,LA97014,Washington,M,Bachelor,257651.3,37574.0,66.0,1,Personal Auto,Two-Door Car,412.101933
124,NB79936,Washington,M,Bachelor,834698.32,48259.0,108.0,0,Personal Auto,Two-Door Car,73.700573
125,NT89061,Arizona,F,High School or Below,632392.39,78532.0,78.0,0,Personal Auto,Four-Door Car,374.4
126,AF10970,Arizona,F,Bachelor,597314.34,96163.0,73.0,0,Corporate Auto,Four-Door Car,350.4
127,FE84989,Washington,M,College,503574.46,72672.0,63.0,0,Personal Auto,Four-Door Car,259.361117
128,JT52858,Oregon,F,Bachelor,902786.72,99002.0,112.0,1,Personal Auto,Four-Door Car,537.6
129,MC62068,Californiafornia,M,High School or Below,728888.48,79494.0,91.0,0,Personal Auto,Four-Door Car,396.295614
130,EU27538,Oregon,M,Master,1804247.94,35704.0,225.0,0,Personal Auto,Luxury,358.281562
131,US23612,Oregon,F,High School or Below,910226.78,26049.0,118.0,0,Personal Auto,Two-Door Car,121.032372
132,WV76014,Arizona,M,Doctor,254040.77,70125.0,64.0,0,Special Auto,Four-Door Car,92.813396
133,RK96223,Californiafornia,M,College,1294189.19,52369.0,110.0,1,Personal Auto,SUV,528.0
134,FM46980,Arizona,M,College,572076.51,41770.0,72.0,0,Personal Auto,Four-Door Car,476.156957
135,RF61565,Californiafornia,M,College,263697.77,31911.0,67.0,0,Personal Auto,Four-Door Car,321.6
136,IM94808,Nevada,M,Bachelor,539583.2,70051.0,68.0,0,Corporate Auto,Four-Door Car,42.078345
137,VI14730,Oregon,M,High School or Below,838263.01,19683.0,117.0,1,Personal Auto,Luxury,561.6
138,YR34119,Washington,F,College,3116174.52,30916.0,112.0,0,Personal Auto,SUV,200.11606
139,QD28391,Washington,M,College,742584.53,84302.0,62.0,0,Personal Auto,Four-Door Car,76.609295
140,TM23514,Oregon,M,College,1027260.82,60145.0,132.0,0,Personal Auto,SUV,580.473259
141,MQ68407,Oregon,F,Bachelor,437636.36,63774.0,111.0,0,Personal Auto,Four-Door Car,60.036683
142,GJ59592,Californiafornia,F,Bachelor,531889.66,25134.0,67.0,0,Corporate Auto,Four-Door Car,321.6
143,FY56083,Oregon,M,Bachelor,471976.22,37057.0,61.0,1,Personal Auto,Four-Door Car,47.53101
144,UA94723,Oregon,F,High School or Below,442803.16,58577.0,110.0,0,Personal Auto,SUV,303.872752
145,FW91032,Californiafornia,M,High School or Below,587917.61,85857.0,73.0,0,Corporate Auto,Four-Door Car,100.620067
146,DE34457,Oregon,F,Doctor,941690.85,70602.0,116.0,0,Personal Auto,SUV,481.339891
147,HD32044,Oregon,F,Master,828815.56,33816.0,106.0,2,Corporate Auto,Four-Door Car,508.8
148,AH84063,Oregon,F,College,471945.01,89642.0,121.0,4,Corporate Auto,SUV,86.320022
149,QA17596,Californiafornia,F,Bachelor,390347.48,60068.0,98.0,0,Personal Auto,Two-Door Car,470.4
150,XI41052,Californiafornia,F,Bachelor,545725.97,50044.0,139.0,0,Personal Auto,SUV,667.2
151,SC66359,Arizona,F,College,443397.37,50653.0,110.0,0,Corporate Auto,SUV,262.865172
152,EN61670,Arizona,F,Doctor,533246.27,68931.0,66.0,0,Personal Auto,Four-Door Car,309.577946
153,JE21522,Californiafornia,M,Bachelor,958733.23,39266.0,80.0,0,Personal Auto,Four-Door Car,384.0
154,EW38459,Nevada,F,Bachelor,256715.15,40864.0,65.0,0,Corporate Auto,Four-Door Car,9.51528
155,QW87316,Oregon,F,College,265062.28,39035.0,68.0,0,Personal Auto,Four-Door Car,244.564334
156,IC43478,Californiafornia,M,Bachelor,1126436.33,34923.0,98.0,0,Personal Auto,Two-Door Car,639.105556
157,YM18992,Californiafornia,F,College,283464.62,24506.0,71.0,0,Personal Auto,Two-Door Car,511.2
158,KU56006,Arizona,F,College,553638.7,52220.0,70.0,1,Personal Auto,Four-Door Car,336.0
159,TW43626,Californiafornia,M,College,808288.1,53554.0,67.0,0,Personal Auto,Four-Door Car,327.020539
160,XX84133,Californiafornia,M,Bachelor,525473.43,34476.0,67.0,1,Corporate Auto,Four-Door Car,5.3953
161,HO29524,Californiafornia,M,College,303464.7,68205.0,76.0,0,Personal Auto,Two-Door Car,99.382943
162,GE87503,Californiafornia,M,High School or Below,1821114.32,53690.0,154.0,0,Personal Auto,SUV,739.2
163,FY32213,Californiafornia,F,High School or Below,559538.99,74454.0,71.0,0,Personal Auto,Four-Door Car,340.8
164,GN45013,Oregon,M,High School or Below,538585.32,29664.0,71.0,0,Personal Auto,Four-Door Car,340.8
165,NM39588,Washington,F,Doctor,267805.83,72450.0,66.0,0,Corporate Auto,Four-Door Car,84.218363
166,KU84464,Nevada,F,Bachelor,942256.79,47272.0,79.0,3,Personal Auto,Four-Door Car,64.546877
167,YH43527,Oregon,F,College,360586.03,21585.0,92.0,0,Corporate Auto,Four-Door Car,441.6
168,RO30676,Californiafornia,F,College,776259.06,23827.0,106.0,2,Personal Auto,Four-Door Car,37.910623
169,QL59704,Arizona,F,College,2344490.05,69906.0,74.0,2,Corporate Auto,Four-Door Car,202.860399
170,SA54664,Washington,M,Master,265438.1,73196.0,66.0,1,Personal Auto,Four-Door Car,85.809817
171,CI38330,Washington,M,Bachelor,254978.61,72217.0,6464.0,0,Personal Auto,Four-Door Car,91.146661
172,WB38524,Californiafornia,M,High School or Below,296959.33,46131.0,74.0,0,Personal Auto,Two-Door Car,355.2
173,CE56187,Oregon,F,Master,436312.46,54514.0,109.0,3,Personal Auto,SUV,286.234931
174,JZ61422,Nevada,F,College,527219.16,96668.0,66.0,0,Personal Auto,Four-Door Car,316.8
175,LA13377,Californiafornia,M,Doctor,550989.57,78879.0,69.0,1,Personal Auto,Four-Door Car,466.570791
176,ES57969,Oregon,M,Bachelor,245357.08,29735.0,69.0,0,Personal Auto,Four-Door Car,331.2
177,JK55587,Californiafornia,M,High School or Below,507566.27,23082.0,65.0,0,Special Auto,Four-Door Car,312.0
178,RN97635,Arizona,M,Bachelor,321497.94,53984.0,80.0,0,Corporate Auto,Four-Door Car,421.484456
179,BI76326,Californiafornia,F,College,1227534.31,52135.0,156.0,0,Personal Auto,SUV,430.505942
180,OJ90342,Oregon,F,Bachelor,245744.09,29486.0,62.0,0,Personal Auto,Four-Door Car,7.646763
181,CM88932,Oregon,F,Master,355484.53,58557.0,88.0,0,Corporate Auto,Four-Door Car,55.510526
182,JJ97525,Californiafornia,M,Bachelor,492954.97,25632.0,63.0,0,Personal Auto,Two-Door Car,351.270869
183,MC83487,Arizona,M,Bachelor,427691.53,18768.0,68.0,3,Corporate Auto,Four-Door Car,647.454583
184,BL90769,Californiafornia,F,Bachelor,3347334.95,33190.0,106.0,0,Personal Auto,SUV,508.8
185,CR57148,Oregon,F,Master,596058.14,47945.0,74.0,0,Personal Auto,Two-Door Car,128.43823
186,CP85232,Arizona,M,College,4479546.94,58778.0,126.0,0,Special Auto,SUV,302.033971
187,YL74732,Californiafornia,F,High School or Below,383211.81,15192.0,100.0,0,Personal Auto,SUV,480.0
188,FG16766,Californiafornia,F,Bachelor,683793.26,51859.0,171.0,0,Personal Auto,SUV,1003.160633
189,NV55438,Nevada,F,High School or Below,528526.82,23422.0,72.0,0,Personal Auto,Two-Door Car,518.4
190,RM10880,Californiafornia,F,College,309651.12,21604.0,79.0,0,Corporate Auto,Four-Door Car,379.2
191,GL56175,Arizona,M,College,358971.07,79298.0,90.0,0,Personal Auto,Four-Door Car,244.362072
192,UK52289,Arizona,F,Bachelor,258240.85,76731.0,64.0,0,Special Auto,Four-Door Car,201.455005
193,OT85112,Washington,M,College,340391.94,38460.0,88.0,1,Personal Auto,Four-Door Car,91.55098
194,BC62782,Arizona,F,College,1357567.6,48534.0,115.0,1,Personal Auto,SUV,552.0
195,TI19722,Washington,M,Doctor,343613.43,30817.0,88.0,0,Corporate Auto,Four-Door Car,91.834668
196,JP30654,Oregon,F,College,2868582.79,48412.0,104.0,0,Personal Auto,SUV,707.430832
197,UM45563,Washington,M,Bachelor,450267.97,68798.0,114.0,0,Personal Auto,SUV,92.915251
198,EN60878,Oregon,M,Bachelor,618311.15,23712.0,85.0,0,Personal Auto,Four-Door Car,376.126419
199,JF36291,Californiafornia,M,College,387364.7,28142.0,105.0,0,Personal Auto,Luxury,701.708239
200,BK59444,Californiafornia,F,Master,1892933.06,72196.0,68.0,0,Personal Auto,Four-Door Car,152.184244
201,MK70700,Californiafornia,M,Master,555329.58,68197.0,69.0,0,Personal Auto,Four-Door Car,176.819414
202,IW71076,Californiafornia,M,Bachelor,501125.92,75248.0,63.0,0,Corporate Auto,Four-Door Car,104.454624
203,HR85211,Washington,F,Master,512317.09,89879.0,63.0,0,Personal Auto,Two-Door Car,94.030308
204,VC87846,Oregon,M,High School or Below,748431.05,46998.0,96.0,0,Corporate Auto,Four-Door Car,460.8
205,ZM92052,Oregon,M,Bachelor,261302.31,57099.0,67.0,0,Personal Auto,Two-Door Car,67.859881
206,ON73702,Arizona,F,Bachelor,908063.97,33897.0,114.0,0,Corporate Auto,SUV,539.843003
207,QQ90441,Nevada,F,High School or Below,1377097.62,59207.0,116.0,0,Personal Auto,Four-Door Car,556.8
208,HU35721,Oregon,M,High School or Below,287682.29,40171.0,73.0,0,Personal Auto,Four-Door Car,350.4
209,YP47665,Washington,M,Doctor,540891.15,80192.0,67.0,0,Personal Auto,Four-Door Car,95.193157
210,FU99476,Washington,M,High School or Below,677030.68,74422.0,85.0,1,Personal Auto,Four-Door Car,95.338505
211,DJ91267,Nevada,F,Bachelor,2909123.94,34226.0,244.0,0,Personal Auto,Luxury,494.395024
212,KB72438,Californiafornia,F,High School or Below,1983420.12,65989.0,123.0,1,Personal Auto,SUV,115.545086
213,TR67616,Oregon,M,High School or Below,473136.7,30686.0,61.0,0,Corporate Auto,Four-Door Car,19.938981
214,HB67642,Arizona,F,High School or Below,3461137.9,20090.0,109.0,0,Personal Auto,Luxury,523.2
215,VV77534,Oregon,M,College,1397651.93,77094.0,176.0,0,Personal Auto,SUV,444.470676
216,GL67540,Californiafornia,F,College,590408.82,97413.0,73.0,0,Personal Auto,Four-Door Car,268.819985
217,SV50502,Oregon,F,Master,559583.5,79189.0,69.0,0,Corporate Auto,Four-Door Car,331.2
218,OA57352,Arizona,F,College,627391.19,18577.0,86.0,0,Personal Auto,Four-Door Car,412.8
219,AX86150,Washington,M,High School or Below,265671.31,62777.0,67.0,0,Personal Auto,Two-Door Car,101.288069
220,EM29359,Nevada,M,College,712659.65,17483.0,183.0,0,Personal Auto,Luxury,1317.6
221,SF57173,Oregon,M,Master,460163.41,84394.0,114.0,0,Personal Auto,SUV,691.412378
222,SW31412,Oregon,F,College,1480805.62,41440.0,62.0,1,Personal Auto,Four-Door Car,297.6
223,RE81445,Oregon,F,College,573459.82,98132.0,71.0,0,Personal Auto,Two-Door Car,50.587035
224,LC25393,Californiafornia,M,Bachelor,2777628.91,88220.0,230.0,0,Personal Auto,Luxury,151.528482
225,UX38930,Arizona,F,Master,1036434.75,58327.0,129.0,0,Personal Auto,SUV,347.075948
226,HD95496,Oregon,M,Master,785190.14,25950.0,66.0,0,Personal Auto,Two-Door Car,271.697529
227,RX24650,Oregon,M,High School or Below,477294.38,20993.0,133.0,0,Corporate Auto,SUV,638.4
228,DW19309,Oregon,M,High School or Below,1422650.49,65726.0,177.0,0,Corporate Auto,SUV,849.6
229,MT41386,Washington,M,Bachelor,287543.24,84768.0,72.0,0,Personal Auto,Two-Door Car,110.484661
230,WZ40465,Washington,F,Bachelor,504129.96,36234.0,63.0,0,Personal Auto,Four-Door Car,113.534474
231,DB42794,Californiafornia,M,College,436293.12,58842.0,110.0,0,Personal Auto,Four-Door Car,528.0
232,JB50798,Oregon,F,Master,962452.44,25629.0,124.0,2,Corporate Auto,Luxury,595.2
233,IP69763,Washington,F,College,2191440.55,77311.0,181.0,0,Personal Auto,SUV,113.609508
234,QN65180,Oregon,F,Bachelor,2190391.36,22254.0,79.0,0,Personal Auto,Four-Door Car,125.194389
235,GE47180,Nevada,M,High School or Below,902882.14,65974.0,113.0,0,Personal Auto,Luxury,235.220971
236,BH86846,Washington,M,High School or Below,2070825.88,92079.0,65.0,1,Corporate Auto,Four-Door Car,114.798771
237,MN61620,Arizona,F,College,987729.57,67752.0,131.0,4,Personal Auto,Luxury,168.517149
238,YH86390,Californiafornia,F,Bachelor,481500.97,25398.0,64.0,0,Corporate Auto,Four-Door Car,307.2
239,YH61661,Californiafornia,M,High School or Below,826063.98,33321.0,105.0,0,Special Auto,SUV,504.0
240,WE68644,Oregon,F,Bachelor,380392.18,20325.0,100.0,0,Personal Auto,Luxury,668.29397
241,EZ30498,Oregon,M,Bachelor,863540.35,13129.0,117.0,0,Personal Auto,SUV,700.901632
242,NM88660,Nevada,M,Master,358588.41,49080.0,91.0,0,Corporate Auto,Four-Door Car,25.299
243,MZ82036,Nevada,M,College,488925.28,42536.0,63.0,0,Personal Auto,Four-Door Car,375.330097
244,ID20929,Oregon,M,Bachelor,275694.17,29926.0,74.0,0,Corporate Auto,Four-Door Car,418.233667
245,TT82373,Californiafornia,F,Bachelor,1093717.85,21450.0,138.0,0,Personal Auto,Luxury,938.513425
246,OH64088,Californiafornia,M,High School or Below,737556.79,33345.0,65.0,0,Corporate Auto,Four-Door Car,338.619869
247,SK97780,Californiafornia,F,Bachelor,1011077.82,15752.0,90.0,0,Corporate Auto,Two-Door Car,339.344531
248,IO33050,Oregon,F,High School or Below,511941.43,40169.0,65.0,1,Personal Auto,Four-Door Car,302.818833
249,XA55917,Californiafornia,F,College,853383.2,26049.0,113.0,1,Personal Auto,SUV,619.165344
250,RQ19236,Arizona,M,Doctor,804280.38,55411.0,100.0,0,Personal Auto,Luxury,259.561195
251,QC47433,Oregon,M,College,255443.71,12459.0,70.0,0,Personal Auto,Four-Door Car,336.0
252,RA93608,Oregon,M,Bachelor,1807394.0,64620.0,76.0,1,Personal Auto,Two-Door Car,364.8
253,XH97711,Californiafornia,M,Bachelor,243050.66,83140.0,61.0,0,Corporate Auto,Four-Door Car,179.161843
254,KC17170,Arizona,F,Bachelor,546560.4,54422.0,68.0,0,Corporate Auto,Four-Door Car,75.501852
255,ZN47335,Californiafornia,M,College,1035751.42,68309.0,131.0,0,Corporate Auto,SUV,306.983596
256,EI46264,Californiafornia,M,High School or Below,253781.39,56621.0,65.0,2,Personal Auto,Four-Door Car,84.026848
257,EK87864,Arizona,F,College,282194.72,38977.0,70.0,0,Special Auto,Four-Door Car,139.489926
258,NS10490,Oregon,F,Bachelor,1415861.36,83235.0,70.0,0,Personal Auto,Two-Door Car,336.0
259,IU96845,Arizona,M,College,628547.69,32390.0,80.0,0,Personal Auto,Four-Door Car,91.417923
260,QL93655,Oregon,F,High School or Below,1147348.15,66538.0,95.0,0,Personal Auto,Two-Door Car,317.844812
261,PF40592,Washington,F,College,494263.06,23285.0,65.0,0,Personal Auto,Two-Door Car,118.446235
262,LZ34046,Oregon,M,Bachelor,2359468.02,76358.0,66.0,0,Personal Auto,Four-Door Car,86.461582
263,JC80093,Washington,M,Master,257250.66,21104.0,66.0,0,Personal Auto,Four-Door Car,118.454974
264,YE88490,Arizona,F,College,538089.86,55350.0,67.0,0,Personal Auto,Four-Door Car,321.6
265,YC80498,Californiafornia,F,College,477055.09,12964.0,65.0,0,Personal Auto,Two-Door Car,362.774545
266,AI85843,Arizona,F,Master,675665.14,33288.0,86.0,2,Personal Auto,Four-Door Car,221.856184
267,FY51713,Arizona,F,Bachelor,357076.05,56168.0,88.0,0,Personal Auto,Four-Door Car,614.675906
268,WQ18638,Oregon,M,High School or Below,542686.4,23105.0,69.0,0,Personal Auto,Two-Door Car,331.2
269,KY14688,Oregon,F,Master,273031.38,36218.0,68.0,0,Personal Auto,Four-Door Car,145.252168
270,TC97762,Californiafornia,F,High School or Below,498268.14,52275.0,62.0,0,Corporate Auto,Four-Door Car,374.240783
271,QC87108,Oregon,F,College,876926.68,49665.0,74.0,0,Personal Auto,Four-Door Car,355.2
272,CX12134,Nevada,M,High School or Below,422061.35,32471.0,110.0,0,Personal Auto,Two-Door Car,528.0
273,CK19789,Californiafornia,F,Master,588718.2,62773.0,73.0,0,Personal Auto,Four-Door Car,80.669257
274,UV12583,Californiafornia,F,College,470058.38,76694.0,117.0,0,Personal Auto,SUV,561.6
275,JC11405,Oregon,M,High School or Below,1096395.72,55687.0,276.0,0,Personal Auto,Luxury,1324.8
276,BG85305,Nevada,M,Doctor,375780.47,36633.0,96.0,1,Personal Auto,Four-Door Car,460.8
277,UQ87917,Oregon,M,High School or Below,1294173.35,77060.0,106.0,0,Personal Auto,SUV,468.566133
278,XN11823,Nevada,F,Bachelor,376446.51,92600.0,94.0,0,Corporate Auto,Two-Door Car,842.43785
279,RP19541,Arizona,M,College,758211.38,64801.0,64.0,0,Personal Auto,Four-Door Car,268.471802
280,ZR25747,Oregon,F,College,827774.56,45257.0,103.0,0,Corporate Auto,Two-Door Car,494.4
281,NQ86532,Californiafornia,M,High School or Below,257645.56,26854.0,66.0,0,Personal Auto,Four-Door Car,475.2
282,JY27336,Oregon,F,College,820538.79,85840.0,102.0,2,Corporate Auto,SUV,138.722385
283,PB54378,Oregon,F,Doctor,1958246.89,26463.0,72.0,0,Corporate Auto,Four-Door Car,345.6
284,SV38190,Nevada,F,Bachelor,648152.66,30689.0,81.0,0,Personal Auto,Four-Door Car,467.24802
285,CV24005,Oregon,M,High School or Below,259931.09,29590.0,66.0,0,Corporate Auto,Two-Door Car,467.503236
286,EX28656,Oregon,F,College,983033.76,25965.0,253.0,0,Personal Auto,Luxury,1214.4
287,CF57022,Oregon,M,Bachelor,1044265.14,17269.0,139.0,0,Personal Auto,SUV,667.2
288,GM16780,Oregon,M,College,3605753.7,90330.0,137.0,3,Corporate Auto,Luxury,192.085299
289,YH92099,Arizona,F,Bachelor,308799.99,18558.0,80.0,0,Special Auto,Four-Door Car,384.0
290,SG81493,Arizona,M,Bachelor,444373.62,46384.0,113.0,0,Corporate Auto,Four-Door Car,251.774574
291,FJ54907,Oregon,F,College,718097.1,42303.0,180.0,0,Personal Auto,Luxury,1210.920949
292,CU26127,Californiafornia,F,Bachelor,1565603.43,71731.0,130.0,0,Corporate Auto,SUV,599.648466
293,YH60476,Oregon,M,High School or Below,578018.22,51066.0,74.0,0,Corporate Auto,Four-Door Car,787.993313
294,UA51318,Arizona,F,High School or Below,511662.4,26173.0,68.0,1,Corporate Auto,Four-Door Car,449.819671
295,BV55014,Oregon,M,Bachelor,726873.7,24445.0,63.0,0,Personal Auto,Two-Door Car,302.4
296,HX21307,Oregon,M,College,261661.39,72302.0,66.0,0,Personal Auto,Two-Door Car,316.8
297,LQ68252,Oregon,M,High School or Below,373843.62,27208.0,102.0,0,Personal Auto,SUV,489.6
298,CR92802,Californiafornia,F,Master,272535.64,36650.0,69.0,1,Special Auto,Four-Door Car,56.60333
299,SL35268,Arizona,M,College,545386.12,30855.0,68.0,0,Corporate Auto,Four-Door Car,259.060862
300,JS42382,Oregon,M,Master,617291.42,99960.0,76.0,0,Corporate Auto,Four-Door Car,364.8
301,VP57424,Nevada,F,Bachelor,699700.86,55873.0,88.0,0,Personal Auto,Four-Door Car,299.356083
302,VU19243,Arizona,F,High School or Below,419625.77,18052.0,111.0,0,Personal Auto,Four-Door Car,699.1679
303,TA82973,Oregon,F,High School or Below,785810.98,28937.0,104.0,2,Personal Auto,SUV,117.959654
304,LL62746,Oregon,M,Doctor,897064.73,12829.0,118.0,0,Personal Auto,SUV,328.231432
305,JQ56711,Oregon,F,Master,592311.72,92163.0,73.0,0,Personal Auto,Two-Door Car,66.568642
306,AW77988,Oregon,M,High School or Below,3585059.94,17588.0,192.0,0,Personal Auto,Luxury,1382.4
307,QP84605,Washington,F,Bachelor,870984.53,41546.0,111.0,0,Corporate Auto,Four-Door Car,121.306839
308,IB87349,Californiafornia,M,High School or Below,452850.49,70340.0,113.0,0,Special Auto,Four-Door Car,542.4
309,BW80872,Washington,M,High School or Below,443441.12,34549.0,111.0,0,Personal Auto,Four-Door Car,125.933005
310,PX70175,Arizona,M,College,799600.75,93459.0,99.0,0,Personal Auto,Four-Door Car,655.41333
311,KF75098,Arizona,M,Bachelor,512973.9,86148.0,65.0,2,Personal Auto,Four-Door Car,312.0
312,IS50283,Californiafornia,F,Bachelor,569717.52,27048.0,72.0,0,Corporate Auto,Four-Door Car,345.6
313,MY64920,Oregon,F,College,921713.06,73259.0,115.0,0,Personal Auto,SUV,673.34265
314,KN34250,Oregon,F,College,1020892.76,35482.0,129.0,0,Corporate Auto,SUV,619.2
315,KL57176,Oregon,F,College,450540.58,67801.0,115.0,1,Personal Auto,SUV,23.810491
316,JY90595,Arizona,M,High School or Below,552866.5,16042.0,73.0,0,Personal Auto,Two-Door Car,350.4
317,HK26543,Californiafornia,M,High School or Below,504586.67,28056.0,64.0,1,Personal Auto,Four-Door Car,307.2
318,PN86062,Californiafornia,M,High School or Below,296272.25,16495.0,85.0,3,Corporate Auto,Four-Door Car,408.0
319,VW27730,Californiafornia,F,Master,866595.64,41163.0,108.0,0,Corporate Auto,SUV,231.922173
320,MO56878,Californiafornia,M,Bachelor,1548843.2,33799.0,109.0,3,Corporate Auto,SUV,664.980242
321,VO38365,Washington,F,College,886114.95,90125.0,110.0,0,Corporate Auto,SUV,128.645946
322,SV35618,Oregon,F,Bachelor,593474.15,87747.0,147.0,1,Personal Auto,SUV,46.492039
323,RX12347,Nevada,M,College,354323.21,35695.0,90.0,0,Personal Auto,Four-Door Car,432.0
324,FR55658,Californiafornia,M,Master,349002.83,90985.0,87.0,0,Personal Auto,Four-Door Car,78.085149
325,ZU73588,Californiafornia,M,College,598977.39,66839.0,154.0,0,Personal Auto,Luxury,739.2
326,VM13430,Oregon,F,Bachelor,860915.82,79090.0,107.0,0,Corporate Auto,SUV,289.040734
327,TC78849,Oregon,M,Bachelor,249745.51,24825.0,64.0,0,Personal Auto,Two-Door Car,155.938593
328,VC34764,Californiafornia,M,College,701917.72,26806.0,63.0,0,Personal Auto,Four-Door Car,302.4
329,WO90953,Oregon,F,College,538792.63,56835.0,67.0,0,Personal Auto,Two-Door Car,326.549425
330,KO46064,Californiafornia,M,Bachelor,273020.29,46135.0,69.0,0,Personal Auto,Four-Door Car,103.935601
331,BI38192,Oregon,F,High School or Below,793706.48,22862.0,67.0,0,Personal Auto,Two-Door Car,321.6
332,PU18983,Oregon,F,High School or Below,860815.72,21450.0,110.0,2,Personal Auto,Luxury,528.0
333,SW79912,Oregon,M,Bachelor,263254.58,95854.0,65.0,0,Personal Auto,Two-Door Car,312.0
334,ES39217,Oregon,F,Bachelor,778500.42,44897.0,99.0,1,Personal Auto,Four-Door Car,580.72531
335,KP72427,Washington,M,High School or Below,2163983.86,64455.0,108.0,0,Personal Auto,SUV,133.735395
336,UA19178,Oregon,F,Master,498082.5,53265.0,62.0,0,Personal Auto,Four-Door Car,238.005074
337,XF57481,Washington,M,Master,1064093.93,50450.0,90.0,0,Personal Auto,Two-Door Car,135.892444
338,CN90378,Californiafornia,F,High School or Below,686250.83,54780.0,88.0,3,Personal Auto,Four-Door Car,135.26125
339,UI55951,Californiafornia,M,Bachelor,554803.19,67798.0,69.0,0,Personal Auto,Four-Door Car,331.2
340,FF28650,Oregon,M,Bachelor,831268.16,21442.0,118.0,0,Personal Auto,SUV,566.4
341,FS55302,Californiafornia,M,Bachelor,238998.1,27615.0,62.0,1,Personal Auto,Four-Door Car,297.6
342,TN79487,Californiafornia,M,Bachelor,445811.34,17622.0,65.0,1,Personal Auto,Four-Door Car,312.0
343,HG32616,Nevada,M,High School or Below,529574.17,50200.0,135.0,0,Personal Auto,Luxury,637.063458
344,PM27367,Californiafornia,F,Master,277890.37,73570.0,70.0,1,Special Auto,Two-Door Car,75.936096
345,BH35482,Washington,M,Doctor,493094.93,70412.0,61.0,0,Corporate Auto,Two-Door Car,136.291083
346,QE22757,Nevada,M,Doctor,249131.7,36631.0,62.0,0,Personal Auto,Four-Door Car,67.530904
347,ON77649,Oregon,F,College,290887.59,35895.0,73.0,0,Personal Auto,Four-Door Car,312.921256
348,RN82884,Arizona,F,College,428294.8,40864.0,109.0,1,Personal Auto,SUV,166.937747
349,FF58467,Arizona,F,Master,509078.13,93018.0,63.0,0,Personal Auto,Four-Door Car,135.382194
350,BS83666,Oregon,M,Bachelor,736618.83,70014.0,62.0,0,Corporate Auto,Four-Door Car,17.742954
351,WO29605,Oregon,F,College,243687.51,48875.0,61.0,0,Personal Auto,Two-Door Car,1.838367
352,TL77607,Californiafornia,M,Bachelor,885268.87,67969.0,74.0,0,Personal Auto,Four-Door Car,197.776009
353,OS39723,Oregon,F,Doctor,560049.65,68665.0,69.0,0,Personal Auto,Two-Door Car,331.2
354,FN69743,Californiafornia,M,College,463654.65,26802.0,66.0,1,Corporate Auto,Two-Door Car,316.8
355,TU92578,Californiafornia,M,College,1469663.55,45345.0,125.0,0,Personal Auto,SUV,600.0
356,TL43709,Washington,M,Bachelor,897214.03,89689.0,74.0,0,Personal Auto,Four-Door Car,136.829537
357,YE68736,Californiafornia,F,Bachelor,772484.01,32051.0,193.0,1,Personal Auto,SUV,926.4
358,OB96537,Oregon,M,Master,594667.07,81139.0,74.0,0,Special Auto,Four-Door Car,392.6364
359,EU68825,Oregon,F,Master,800054.51,63834.0,100.0,1,Personal Auto,Luxury,215.226476
360,CC31456,Arizona,M,Bachelor,645756.1,37548.0,81.0,0,Special Auto,Four-Door Car,160.598662
361,LN26837,Californiafornia,M,High School or Below,259243.78,72421.0,65.0,0,Personal Auto,Four-Door Car,312.0
362,YI92916,Nevada,M,Master,467842.34,83102.0,116.0,0,Corporate Auto,Four-Door Car,443.670399
363,NW54906,Oregon,M,College,1386992.71,28432.0,118.0,0,Personal Auto,SUV,612.300581
364,ME77513,Nevada,F,Master,871777.78,83707.0,108.0,0,Corporate Auto,Four-Door Car,290.391526
365,UK76891,Californiafornia,F,College,523398.68,63259.0,65.0,0,Corporate Auto,Four-Door Car,316.795337
366,YD74948,Oregon,F,College,247246.92,63860.0,62.0,0,Personal Auto,Four-Door Car,208.598246
367,HB64268,Washington,M,Bachelor,281369.26,43836.0,73.0,0,Personal Auto,Four-Door Car,138.130879
368,BW52697,Californiafornia,F,College,550505.7,86132.0,68.0,0,Personal Auto,Two-Door Car,301.437365
369,NL41409,Oregon,F,Bachelor,260620.85,28519.0,66.0,0,Personal Auto,Two-Door Car,456.473115
370,OD69005,Arizona,F,High School or Below,1048194.38,39102.0,88.0,0,Personal Auto,Four-Door Car,152.338562
371,UK70255,Californiafornia,F,College,3047578.05,97298.0,128.0,0,Personal Auto,Luxury,48.517439
372,QT25383,Nevada,M,High School or Below,636490.22,41986.0,84.0,2,Personal Auto,Two-Door Car,430.375049
373,NS45347,Oregon,F,College,563145.19,17291.0,73.0,0,Personal Auto,Four-Door Car,350.4
374,XW89091,Californiafornia,M,College,981652.83,37256.0,62.0,0,Personal Auto,Four-Door Car,128.969729
375,YC11951,Oregon,M,High School or Below,751913.36,96306.0,95.0,1,Corporate Auto,Four-Door Car,185.355353
376,UY18770,Californiafornia,F,Bachelor,1017971.7,14290.0,271.0,0,Personal Auto,Luxury,1300.8
377,RA49085,Californiafornia,F,College,277283.92,37038.0,71.0,1,Corporate Auto,Four-Door Car,9.071305
378,BG84194,Oregon,M,College,403750.18,90760.0,103.0,2,Special Auto,SUV,133.475315
379,PT64580,Washington,M,Master,419196.61,77048.0,103.0,0,Personal Auto,SUV,141.199465
380,MR67738,Oregon,F,High School or Below,267686.79,54480.0,67.0,0,Personal Auto,Four-Door Car,321.6
381,DM95829,Californiafornia,M,College,252395.96,16244.0,68.0,0,Personal Auto,Two-Door Car,623.223617
382,DB75522,Californiafornia,F,College,698840.16,22436.0,89.0,0,Special Auto,Four-Door Car,427.2
383,LM34525,Washington,F,College,874205.78,71592.0,72.0,0,Personal Auto,Four-Door Car,141.725051
384,WW30771,Arizona,M,Master,267331.96,28728.0,67.0,0,Personal Auto,Four-Door Car,321.6
385,QP65569,Arizona,M,High School or Below,1215732.99,57449.0,103.0,0,Personal Auto,Four-Door Car,494.4
386,TN50051,Californiafornia,F,Doctor,295776.4,83318.0,73.0,0,Personal Auto,Two-Door Car,211.336937
387,UO86707,Washington,M,Bachelor,717390.94,75217.0,61.0,1,Personal Auto,Four-Door Car,147.080303
388,NX18774,Oregon,M,Bachelor,841568.46,55308.0,107.0,0,Corporate Auto,SUV,513.6
389,DA69469,Oregon,F,College,2684312.45,36068.0,97.0,0,Personal Auto,Two-Door Car,113.367765
390,CN23147,Oregon,M,Bachelor,1305717.07,48804.0,112.0,1,Corporate Auto,Four-Door Car,537.6
391,GH42026,Oregon,M,Bachelor,853510.89,55790.0,111.0,0,Personal Auto,SUV,117.672722
392,BD16530,Arizona,F,Bachelor,829348.19,70258.0,69.0,0,Personal Auto,Four-Door Car,225.145949
393,WK23685,Oregon,F,Bachelor,663685.98,47274.0,83.0,1,Corporate Auto,Four-Door Car,182.432565
394,GR62267,Washington,F,College,560908.25,44705.0,71.0,0,Personal Auto,Two-Door Car,148.173152
395,GF97874,Washington,F,Master,527562.7,70446.0,65.0,0,Personal Auto,Four-Door Car,155.570802
396,UK25655,Oregon,F,Bachelor,343525.01,64348.0,86.0,0,Personal Auto,Two-Door Car,212.391975
397,EL93539,Californiafornia,M,Master,575744.23,88997.0,72.0,0,Special Auto,Four-Door Car,174.041566
398,EE99484,Washington,F,High School or Below,251459.2,43860.0,65.0,0,Corporate Auto,Four-Door Car,156.124914
399,DP46882,Californiafornia,F,High School or Below,288645.16,10312.0,78.0,0,Corporate Auto,Four-Door Car,486.278557
400,TK60799,Arizona,F,High School or Below,416001.81,96263.0,103.0,0,Personal Auto,SUV,1.924709
401,DN29808,Californiafornia,F,College,284624.54,28919.0,72.0,0,Corporate Auto,Four-Door Car,518.4
402,NG66579,Oregon,M,Bachelor,505961.62,41869.0,64.0,0,Personal Auto,Two-Door Car,262.12205
403,ED50963,Californiafornia,F,High School or Below,268886.4,32808.0,68.0,1,Personal Auto,Four-Door Car,541.695658
404,GP40701,Californiafornia,F,Bachelor,827763.76,79780.0,68.0,0,Personal Auto,Four-Door Car,326.4
405,CP98451,Oregon,F,College,905793.53,91025.0,112.0,0,Personal Auto,SUV,327.682669
406,NX52648,Californiafornia,F,High School or Below,380175.04,33043.0,95.0,0,Personal Auto,Two-Door Car,456.0
407,ZC32510,Arizona,M,High School or Below,933934.16,69442.0,118.0,3,Personal Auto,Four-Door Car,1265.570302
408,EB59129,Oregon,F,Bachelor,259574.8,47234.0,65.0,0,Personal Auto,Four-Door Car,15.631363
409,RA70851,Oregon,M,High School or Below,743769.33,86863.0,92.0,0,Personal Auto,Four-Door Car,441.6
410,PM19162,Oregon,M,Bachelor,1453678.76,25805.0,66.0,2,Personal Auto,Four-Door Car,375.866091
411,MS59005,Nevada,M,Bachelor,591330.59,43676.0,76.0,0,Personal Auto,Four-Door Car,364.8
412,SU71163,Arizona,M,College,277166.3,59855.0,74.0,4,Personal Auto,Two-Door Car,355.2
413,BD35676,Arizona,M,Master,2919436.64,35296.0,126.0,0,Personal Auto,SUV,452.616872
414,NI44621,Oregon,F,Master,988038.58,36576.0,125.0,1,Personal Auto,SUV,113.450122
415,EW33419,Californiafornia,F,High School or Below,1511440.24,28513.0,100.0,1,Corporate Auto,SUV,480.0
416,HX44948,Oregon,M,Bachelor,575991.08,85448.0,72.0,0,Special Auto,Four-Door Car,16.03451
417,DL36983,Oregon,F,High School or Below,849516.42,23791.0,110.0,3,Personal Auto,Two-Door Car,615.27228
418,XR87264,Californiafornia,F,Bachelor,438118.42,20597.0,112.0,0,Personal Auto,Four-Door Car,615.256301
419,NN99001,Arizona,F,College,699782.74,56940.0,87.0,0,Personal Auto,Four-Door Car,512.66245
420,XV95530,Oregon,M,Bachelor,1143058.85,93210.0,71.0,0,Personal Auto,Two-Door Car,74.523935
421,OL97871,Oregon,F,Bachelor,748248.61,48992.0,94.0,1,Personal Auto,Four-Door Car,426.072946
422,HQ23708,Arizona,F,Master,859691.66,53736.0,71.0,0,Personal Auto,Two-Door Car,169.287785
423,WR63188,Arizona,M,College,785496.08,25378.0,66.0,1,Personal Auto,Four-Door Car,419.464143
424,NG82219,Oregon,F,Bachelor,258240.85,76731.0,64.0,0,Personal Auto,Four-Door Car,201.455005
425,KU29408,Washington,M,Master,907576.82,37722.0,116.0,0,Corporate Auto,Luxury,158.077504
426,RE46783,Californiafornia,F,Bachelor,411858.86,69379.0,103.0,0,Personal Auto,Two-Door Car,494.4
427,RU94434,Oregon,M,High School or Below,1215732.99,57449.0,103.0,0,Personal Auto,Four-Door Car,494.4
428,NV61299,Arizona,F,Bachelor,2778969.24,33806.0,89.0,0,Corporate Auto,Four-Door Car,395.729716
429,DX31066,Washington,F,College,266727.0,94041.0,66.0,0,Personal Auto,Four-Door Car,159.756733
430,CY50337,Oregon,F,College,1092840.71,74965.0,90.0,0,Personal Auto,Four-Door Car,58.557552
431,TJ20375,Arizona,F,High School or Below,761538.13,34095.0,63.0,0,Personal Auto,Two-Door Car,302.4
432,JJ76159,Californiafornia,M,College,243468.12,96045.0,61.0,0,Corporate Auto,Four-Door Car,8.582971
433,BG15419,Nevada,F,Bachelor,1419536.03,86355.0,118.0,0,Personal Auto,Luxury,285.418473
434,AO74776,Californiafornia,F,High School or Below,942768.49,27824.0,118.0,0,Personal Auto,SUV,566.4
435,HQ82233,Californiafornia,M,High School or Below,1198242.09,42995.0,101.0,0,Personal Auto,SUV,410.508316
436,OL72737,Oregon,F,High School or Below,310278.95,21235.0,79.0,0,Personal Auto,Two-Door Car,244.23135
437,ZQ59828,Californiafornia,M,High School or Below,422263.12,74585.0,106.0,0,Personal Auto,SUV,218.598065
438,NZ15548,Oregon,M,Bachelor,402381.44,41833.0,103.0,0,Personal Auto,Four-Door Car,643.826716
439,XK61304,Californiafornia,F,College,529715.18,23908.0,70.0,0,Personal Auto,Four-Door Car,336.0
440,CM94425,Arizona,M,Bachelor,441620.62,61953.0,113.0,0,Personal Auto,SUV,497.047297
441,MY37953,Arizona,F,Bachelor,2583090.98,73760.0,107.0,1,Personal Auto,Luxury,230.245772
442,XP64922,Oregon,F,College,297431.49,23333.0,74.0,0,Corporate Auto,Four-Door Car,5.622751
443,LN50325,Arizona,F,High School or Below,1006460.83,20440.0,128.0,2,Corporate Auto,Luxury,614.4
444,HJ15383,Washington,M,Master,803240.19,27658.0,68.0,0,Personal Auto,Four-Door Car,160.07526
445,KH59823,Californiafornia,M,College,548921.41,50943.0,139.0,0,Special Auto,SUV,667.2
446,YM79169,Californiafornia,M,Bachelor,261275.67,19003.0,71.0,0,Personal Auto,Two-Door Car,34.651305
447,DR38127,Californiafornia,M,College,857346.39,46703.0,108.0,0,Personal Auto,Four-Door Car,678.100487
448,PU42145,Californiafornia,M,Bachelor,2412750.4,14072.0,71.0,0,Personal Auto,Four-Door Car,511.2
449,KM33477,Oregon,M,College,855038.66,21733.0,73.0,0,Corporate Auto,Four-Door Car,525.6
450,RI53167,Arizona,M,Bachelor,230864.8,20811.0,61.0,0,Personal Auto,Four-Door Car,292.8
451,OF77789,Arizona,F,High School or Below,425462.07,11904.0,61.0,2,Personal Auto,Two-Door Car,292.8
452,YB33445,Oregon,F,College,898285.04,43490.0,114.0,4,Corporate Auto,SUV,174.588413
453,BA17836,Californiafornia,M,High School or Below,786816.6,57340.0,67.0,0,Corporate Auto,Four-Door Car,159.391681
454,JS43228,Californiafornia,M,College,770424.87,49088.0,97.0,0,Corporate Auto,Four-Door Car,698.4
455,BB11622,Nevada,M,Master,1055217.0,47761.0,131.0,0,Personal Auto,SUV,232.711071
456,WK88044,Arizona,M,Bachelor,873783.75,61281.0,110.0,0,Personal Auto,SUV,79.865605
457,EH16250,Arizona,M,Bachelor,770528.33,25290.0,66.0,0,Personal Auto,Four-Door Car,382.085897
458,PU41872,Arizona,F,High School or Below,703926.24,24239.0,88.0,0,Personal Auto,Four-Door Car,48.348319
459,HB85743,Californiafornia,M,Bachelor,883808.56,82664.0,114.0,3,Personal Auto,SUV,133.425609
460,MM71959,Arizona,M,Bachelor,873352.73,83210.0,110.0,0,Personal Auto,Luxury,528.0
461,MB83663,Oregon,F,Bachelor,959747.48,38736.0,81.0,0,Personal Auto,Two-Door Car,561.414794
462,KR43119,Californiafornia,M,College,450666.02,0.0,66.0,0,Personal Auto,Four-Door Car,316.8
463,KH24214,Oregon,M,College,1785797.23,55437.0,64.0,1,Personal Auto,Four-Door Car,445.287788
464,AC40767,Washington,M,Bachelor,249780.82,68041.0,6464.0,0,Personal Auto,Two-Door Car,165.570243
465,EG62398,Californiafornia,F,High School or Below,799814.38,29066.0,100.0,0,Personal Auto,SUV,844.229478
466,VS19949,Nevada,M,Bachelor,289762.07,54337.0,72.0,0,Personal Auto,Four-Door Car,345.6
467,AM92343,Oregon,F,High School or Below,1159950.22,67616.0,96.0,0,Personal Auto,Four-Door Car,340.306584
468,GI68556,Californiafornia,F,Bachelor,1514793.06,41082.0,63.0,0,Personal Auto,Two-Door Car,106.647493
469,XR64251,Nevada,F,Master,272535.64,36650.0,69.0,1,Personal Auto,Four-Door Car,56.60333
470,MK34957,Oregon,F,College,1329771.23,50631.0,112.0,4,Special Auto,SUV,784.65781
471,GP18756,Californiafornia,M,College,992704.97,19592.0,92.0,0,Personal Auto,Four-Door Car,441.6
472,KQ65521,Arizona,F,College,1826927.02,55761.0,115.0,0,Personal Auto,Luxury,86.27772
473,EJ19449,Californiafornia,F,College,272221.07,17576.0,71.0,0,Special Auto,Four-Door Car,398.502948
474,QB70027,Californiafornia,F,Bachelor,708321.24,41449.0,89.0,0,Personal Auto,Four-Door Car,63.516572
475,QW47320,California,F,Bachelor,1017971.7,14290.0,271.0,0,Personal Auto,Luxury,1300.8
476,KH64733,Nevada,F,College,588950.91,62007.0,73.0,0,Personal Auto,Four-Door Car,120.015609
477,ON59472,Arizona,M,High School or Below,1577139.34,21921.0,206.0,0,Corporate Auto,Luxury,1254.137899
478,HP94242,Arizona,F,Bachelor,528817.33,42621.0,66.0,0,Personal Auto,Four-Door Car,316.8
479,EA25683,Washington,M,High School or Below,777853.23,63786.0,196.0,0,Corporate Auto,Luxury,798.002689
480,MC71942,California,F,High School or Below,791919.7,82877.0,99.0,1,Personal Auto,Two-Door Car,22.819088
481,YQ99152,Nevada,M,High School or Below,978780.88,10475.0,88.0,1,Personal Auto,Two-Door Car,422.4
482,KI19439,Oregon,F,High School or Below,520764.08,21952.0,66.0,0,Personal Auto,Four-Door Car,316.8
483,PM76175,Oregon,F,Bachelor,2114727.72,49721.0,132.0,0,Corporate Auto,Luxury,639.971388
484,US45383,California,M,College,1228076.66,88340.0,102.0,0,Personal Auto,Two-Door Car,489.6
485,BE62503,Washington,F,College,920659.83,24589.0,82.0,0,Personal Auto,Two-Door Car,511.497882
486,PA16884,California,F,Bachelor,411858.86,69379.0,103.0,0,Personal Auto,Two-Door Car,494.4
487,NC58480,Nevada,F,Bachelor,483820.9,73769.0,61.0,2,Personal Auto,Four-Door Car,239.540223
488,NS39326,California,F,College,462554.81,66670.0,114.0,0,Personal Auto,SUV,518.180364
489,PN18507,Arizona,M,Bachelor,1404210.3,88854.0,118.0,0,Personal Auto,Two-Door Car,715.252366
490,EK91340,Oregon,M,Bachelor,754661.35,31266.0,193.0,0,Corporate Auto,Luxury,926.4
491,JY16280,California,F,High School or Below,251459.2,43860.0,65.0,0,Personal Auto,Four-Door Car,156.124914
492,ZW71731,California,M,Bachelor,517035.84,89284.0,133.0,2,Corporate Auto,SUV,402.070719
493,ZC24631,Oregon,M,College,1391737.72,67267.0,89.0,0,Corporate Auto,Four-Door Car,94.814032
494,YR34689,California,F,High School or Below,1131813.08,79270.0,95.0,3,Personal Auto,Four-Door Car,456.0
495,RT65829,Oregon,M,Bachelor,427636.36,36692.0,109.0,1,Personal Auto,Four-Door Car,523.2
496,BM15160,California,F,High School or Below,849635.28,44624.0,71.0,1,Special Auto,Four-Door Car,73.883044
497,EV19512,Nevada,F,Master,1630196.76,19614.0,85.0,0,Personal Auto,Two-Door Car,574.024018
498,WY97929,Arizona,M,College,871704.98,83846.0,74.0,3,Special Auto,Four-Door Car,355.2
499,YG20683,Washington,M,College,286011.17,51159.0,72.0,0,Personal Auto,Four-Door Car,4.238626
500,FK75497,California,M,College,245340.83,83772.0,62.0,0,Personal Auto,Two-Door Car,42.248087
501,NE60110,Arizona,M,College,598977.39,66839.0,154.0,0,Personal Auto,Luxury,739.2
502,TN36521,Arizona,F,College,2498022.55,88440.0,70.0,0,Personal Auto,Two-Door Car,27.145151
503,HG33568,Arizona,F,Master,748263.95,25666.0,63.0,2,Personal Auto,Four-Door Car,270.002766
504,TW17878,Oregon,F,High School or Below,245757.6,52926.0,61.0,0,Personal Auto,Four-Door Car,292.8
505,CH97539,Washington,F,Bachelor,828696.44,40001.0,70.0,0,Personal Auto,Four-Door Car,142.567008
506,MO33320,Oregon,M,College,465715.95,18024.0,65.0,0,Personal Auto,Two-Door Car,312.0
507,NY56352,Oregon,F,Bachelor,280391.67,23220.0,74.0,0,Personal Auto,Four-Door Car,251.334247
508,EA27048,California,F,High School or Below,864650.41,64125.0,108.0,0,Personal Auto,SUV,369.818708
509,UT38865,Oregon,F,College,742587.06,58042.0,62.0,0,Corporate Auto,Four-Door Car,161.419528
510,QC89139,Oregon,F,High School or Below,452873.74,90034.0,112.0,0,Corporate Auto,SUV,537.6
511,LA14484,Nevada,M,High School or Below,222707.28,27972.0,61.0,0,Special Auto,Four-Door Car,292.8
512,CV31235,Arizona,M,Bachelor,318435.52,50989.0,80.0,0,Corporate Auto,Four-Door Car,255.999709
513,WR45726,Arizona,F,Bachelor,1131520.37,11885.0,101.0,0,Special Auto,Four-Door Car,484.8
514,LB25094,California,F,Bachelor,253070.51,89451.0,63.0,0,Special Auto,Four-Door Car,61.769564
515,XO36233,Washington,M,Bachelor,864153.0,78904.0,109.0,0,Personal Auto,SUV,250.001424
516,ZX86243,Arizona,M,Doctor,327853.19,70247.0,83.0,1,Personal Auto,Four-Door Car,141.799422
517,DW29763,Arizona,M,High School or Below,527198.21,32653.0,67.0,0,Personal Auto,Two-Door Car,321.6
518,CT83377,Washington,M,High School or Below,376363.77,93595.0,97.0,4,Special Auto,Four-Door Car,49.797016
519,OQ90898,California,M,Master,1395556.96,90279.0,115.0,0,Personal Auto,SUV,372.175592
520,QW33258,California,M,Bachelor,708283.04,53310.0,189.0,3,Personal Auto,Luxury,1360.8
521,VZ79886,Oregon,F,Bachelor,1255088.2,22234.0,160.0,0,Personal Auto,SUV,768.0
522,FI92440,Washington,F,High School or Below,3219660.04,91375.0,99.0,0,Personal Auto,Two-Door Car,72.632934
523,YG85980,Nevada,F,High School or Below,679377.41,22250.0,86.0,0,Personal Auto,Two-Door Car,720.601429
524,VN79010,California,F,High School or Below,854758.61,51179.0,71.0,0,Corporate Auto,Four-Door Car,466.176731
525,FI61723,California,M,Bachelor,278742.37,38667.0,72.0,0,Personal Auto,Four-Door Car,159.266473
526,OH55411,California,F,Master,462680.11,79487.0,114.0,0,Corporate Auto,SUV,547.2
527,TF10720,Nevada,F,Doctor,866336.4,67763.0,107.0,2,Personal Auto,Four-Door Car,41.283167
528,WI69346,California,F,Master,896028.02,71943.0,112.0,0,Corporate Auto,SUV,305.653785
529,FS76657,Oregon,F,College,547183.43,53526.0,68.0,0,Personal Auto,Four-Door Car,278.902846
530,YX89016,Oregon,M,College,3493100.17,35005.0,295.0,0,Personal Auto,Luxury,1416.0
531,PK28821,California,M,College,262039.23,24721.0,67.0,0,Personal Auto,Four-Door Car,139.963594
532,XG44587,Arizona,M,Master,575744.23,88997.0,72.0,0,Personal Auto,Four-Door Car,174.041566
533,FG91922,Arizona,M,Master,4022401.36,48587.0,111.0,0,Personal Auto,SUV,532.8
534,OM99303,Arizona,F,High School or Below,270148.83,76310.0,67.0,0,Personal Auto,Two-Door Car,321.6
535,RV67546,California,M,Bachelor,371243.05,73205.0,92.0,0,Personal Auto,Four-Door Car,37.299865
536,UJ79253,Oregon,F,College,2185084.0,51056.0,78.0,0,Personal Auto,Four-Door Car,95.816516
537,PN98247,California,M,College,784016.58,58414.0,210.0,2,Personal Auto,Luxury,1008.0
538,IB67546,California,F,Bachelor,823703.79,23940.0,107.0,0,Personal Auto,SUV,513.6
539,CM95716,California,M,Bachelor,843446.41,44216.0,71.0,0,Personal Auto,Four-Door Car,72.205362
540,MW62634,California,M,High School or Below,222707.28,27972.0,61.0,0,Corporate Auto,Four-Door Car,292.8
541,SN16059,California,F,Master,264144.61,29305.0,66.0,0,Personal Auto,Four-Door Car,475.2
542,OE51254,California,F,College,279068.3,53882.0,69.0,0,Personal Auto,Four-Door Car,331.2
543,RM42344,Oregon,M,College,274512.98,91757.0,69.0,1,Personal Auto,Four-Door Car,331.2
544,GB35238,California,F,Bachelor,757953.27,33906.0,64.0,0,Personal Auto,Two-Door Car,401.592109
545,ML82674,Oregon,M,Bachelor,1097878.03,68158.0,139.0,1,Personal Auto,SUV,253.183568
546,DE28132,Oregon,M,College,474773.46,42165.0,123.0,0,Corporate Auto,SUV,799.673766
547,TV25678,Washington,M,College,354090.43,0.0,101.0,0,Personal Auto,SUV,727.2
548,TY26512,California,M,Doctor,343613.43,30817.0,88.0,0,Personal Auto,Four-Door Car,91.834668
549,OB69153,California,M,Bachelor,258218.53,68074.0,65.0,0,Personal Auto,Four-Door Car,27.987867
550,QZ77637,Washington,F,College,1166509.78,84978.0,35353.0,1,Corporate Auto,Four-Door Car,166.77296
551,XN41715,California,F,Master,739628.37,71135.0,92.0,1,Personal Auto,Four-Door Car,270.563995
552,FL69363,Oregon,M,Master,907576.82,37722.0,116.0,0,Personal Auto,Luxury,158.077504
553,WA25797,Washington,M,High School or Below,856476.82,95697.0,107.0,0,Personal Auto,Luxury,178.006524
554,NL59519,California,F,College,1156568.75,64642.0,96.0,0,Personal Auto,Four-Door Car,404.265696
555,ZU93025,Oregon,F,College,277104.5,50071.0,71.0,0,Personal Auto,Two-Door Car,18.918935
556,DK94262,Oregon,M,High School or Below,850712.88,46754.0,106.0,1,Personal Auto,SUV,513.818403
557,UQ30615,California,M,College,758211.38,64801.0,64.0,0,Corporate Auto,Four-Door Car,268.471802
558,OR40060,Arizona,M,Bachelor,332309.25,70410.0,83.0,0,Personal Auto,Four-Door Car,131.828507
559,DK32872,Nevada,F,High School or Below,523433.17,66957.0,131.0,1,Personal Auto,SUV,628.8
560,FA46418,Nevada,F,High School or Below,2470959.96,24213.0,78.0,1,Personal Auto,Four-Door Car,374.4
561,ER19995,Washington,F,College,1778627.78,99790.0,6464.0,0,Personal Auto,Four-Door Car,178.986788
562,KI75855,Oregon,M,Master,255122.67,79751.0,63.0,0,Personal Auto,Two-Door Car,392.235698
563,ND41876,Arizona,M,High School or Below,724771.37,86122.0,182.0,1,Personal Auto,Luxury,873.6
564,PN21042,Arizona,M,Bachelor,453884.78,82297.0,116.0,0,Personal Auto,Luxury,0.382107
565,GJ43254,Washington,M,College,3164210.46,89057.0,98.0,0,Corporate Auto,Two-Door Car,187.363583
566,AL46984,California,M,High School or Below,873042.2,43259.0,73.0,0,Personal Auto,Four-Door Car,350.4
567,ZE85014,California,M,College,235774.7,25064.0,62.0,0,Personal Auto,Four-Door Car,297.6
568,KU88219,Arizona,M,Master,463716.4,25816.0,119.0,0,Personal Auto,Luxury,571.2
569,WS82822,Oregon,F,College,539197.1,41662.0,69.0,0,Corporate Auto,Four-Door Car,217.973168
570,YB49933,Arizona,M,Bachelor,369414.05,96170.0,92.0,0,Personal Auto,Four-Door Car,441.6
571,XC16387,Arizona,F,High School or Below,504041.24,46072.0,64.0,0,Personal Auto,Four-Door Car,25.934064
572,XJ96748,Arizona,F,High School or Below,2749542.19,37931.0,99.0,0,Personal Auto,Four-Door Car,475.2
573,TM98684,Oregon,M,High School or Below,484228.5,35127.0,62.0,0,Personal Auto,Four-Door Car,297.6
574,AY18433,Washington,F,High School or Below,2738281.89,45473.0,76.0,0,Special Auto,Two-Door Car,188.938397
575,DM74502,Nevada,F,College,522710.19,93087.0,131.0,3,Corporate Auto,Luxury,628.8
576,FT56968,Arizona,M,High School or Below,259009.6,22398.0,67.0,2,Personal Auto,Four-Door Car,321.6
577,OX36896,California,M,High School or Below,1053607.8,92983.0,87.0,1,Corporate Auto,Four-Door Car,153.205591
578,BZ65376,Arizona,M,Bachelor,858127.87,27689.0,239.0,2,Personal Auto,Luxury,2893.239678
579,LN34660,California,F,College,946311.33,69654.0,118.0,0,Corporate Auto,SUV,629.532731
580,JC29295,California,F,Bachelor,1344100.64,80744.0,111.0,0,Personal Auto,SUV,361.284757
581,IX35050,Arizona,M,Bachelor,2359468.02,76358.0,66.0,0,Special Auto,Four-Door Car,86.461582
582,UN97379,Oregon,M,Bachelor,253862.63,18608.0,71.0,0,Corporate Auto,Four-Door Car,340.8
583,MR57294,California,M,High School or Below,563994.2,73168.0,70.0,0,Personal Auto,Four-Door Car,425.800112
584,UG79499,Washington,M,Bachelor,1168137.43,70930.0,99.0,0,Personal Auto,Four-Door Car,190.43446
585,UA50747,Washington,F,High School or Below,2599775.0,62262.0,72.0,0,Corporate Auto,Four-Door Car,193.505325
586,GL20444,Nevada,F,Master,1377836.93,91474.0,113.0,0,Corporate Auto,Two-Door Car,24.087774
587,SP58110,California,F,Bachelor,492318.17,61469.0,63.0,5,Personal Auto,Four-Door Car,302.4
588,XM91635,Arizona,F,High School or Below,227233.54,16618.0,62.0,0,Special Auto,Four-Door Car,219.288706
589,TV82603,California,F,Bachelor,1489539.8,48081.0,188.0,0,Personal Auto,Luxury,881.360959
590,BB82067,Oregon,M,Doctor,975604.5,67632.0,121.0,0,Personal Auto,Luxury,26.951627
591,JP94676,Oregon,F,Bachelor,942297.41,34115.0,119.0,0,Personal Auto,SUV,466.122541
592,VU53417,Arizona,M,High School or Below,383735.76,23051.0,99.0,0,Personal Auto,Two-Door Car,475.2
593,IW54795,California,M,College,1095213.19,23748.0,99.0,0,Personal Auto,Four-Door Car,607.095655
594,RN78170,Arizona,F,College,815913.66,40589.0,69.0,0,Corporate Auto,Four-Door Car,331.2
595,IX55883,California,F,College,1948049.98,50809.0,83.0,0,Personal Auto,Four-Door Car,290.381707
596,XM72420,Arizona,F,High School or Below,391936.67,66676.0,97.0,0,Personal Auto,Four-Door Car,558.099357
597,GC15104,Nevada,F,Bachelor,798514.21,52339.0,70.0,3,Corporate Auto,Four-Door Car,336.0
598,RX13282,Oregon,M,Bachelor,1216874.49,14973.0,115.0,0,Personal Auto,SUV,828.0
599,IR62668,Arizona,F,Bachelor,508583.66,31546.0,65.0,0,Personal Auto,Four-Door Car,100.049832
600,AL96740,California,F,College,290393.98,67763.0,73.0,1,Personal Auto,Four-Door Car,59.861963
601,SS48498,Washington,F,College,627317.34,20836.0,79.0,0,Corporate Auto,Four-Door Car,193.57032
602,PE39479,Washington,M,College,1832141.9,88592.0,76.0,0,Corporate Auto,Four-Door Car,199.79727
603,JH62891,Oregon,F,College,517870.42,66943.0,65.0,1,Special Auto,Four-Door Car,53.084753
604,FI20423,Arizona,F,High School or Below,1402435.84,81872.0,115.0,0,Special Auto,Four-Door Car,256.43803
605,PM13394,Washington,F,College,530943.59,22404.0,70.0,1,Personal Auto,Four-Door Car,211.136067
606,YV67971,California,F,High School or Below,494980.38,21342.0,62.0,0,Personal Auto,Four-Door Car,74.350893
607,QD31377,California,M,Bachelor,859566.53,34621.0,108.0,1,Corporate Auto,SUV,621.464468
608,YG10247,Oregon,M,College,2295189.2,62396.0,64.0,0,Personal Auto,Four-Door Car,307.2
609,FE73696,Oregon,M,High School or Below,379213.03,97212.0,93.0,0,Personal Auto,Two-Door Car,360.05589
610,SW19699,Arizona,F,Bachelor,275574.8,49648.0,70.0,0,Personal Auto,Four-Door Car,65.954813
611,QJ40732,Arizona,M,College,488033.96,97984.0,61.0,1,Personal Auto,Four-Door Car,407.450118
612,HM76207,California,F,College,905190.53,26308.0,114.0,0,Corporate Auto,SUV,547.2
613,NT59303,Oregon,F,College,1011544.62,63528.0,256.0,0,Personal Auto,Luxury,1228.8
614,PU41393,Nevada,M,College,826907.54,20225.0,114.0,1,Special Auto,SUV,547.2
615,QN10888,Oregon,F,High School or Below,772699.36,87620.0,64.0,0,Personal Auto,Four-Door Car,24.063693
616,XC15133,Nevada,F,Master,257402.04,34990.0,65.0,0,Personal Auto,Four-Door Car,42.689135
617,ST43550,Oregon,M,Bachelor,572732.71,99934.0,71.0,0,Special Auto,Four-Door Car,460.323855
618,FX36546,Washington,M,Master,367914.21,60804.0,92.0,0,Personal Auto,Four-Door Car,213.225001
619,JX68983,Oregon,M,Bachelor,274451.96,94648.0,69.0,0,Personal Auto,Four-Door Car,331.2
620,HX78576,California,F,High School or Below,563674.03,24516.0,71.0,0,Personal Auto,Four-Door Car,300.607591
621,ZQ11381,Arizona,M,Bachelor,1687038.82,61063.0,85.0,0,Personal Auto,Four-Door Car,262.504882
622,ZT30559,California,F,High School or Below,474668.65,15169.0,63.0,0,Personal Auto,Four-Door Car,302.4
623,XI41106,Arizona,M,College,1687432.82,55390.0,71.0,0,Corporate Auto,Two-Door Car,256.268091
624,ZS88847,Oregon,F,Bachelor,238760.61,27592.0,62.0,0,Personal Auto,Four-Door Car,297.6
625,RU49126,Washington,F,College,446533.57,61846.0,112.0,0,Personal Auto,SUV,215.8182
626,KR62797,Arizona,F,High School or Below,459162.59,83297.0,113.0,0,Personal Auto,SUV,542.4
627,CU36986,California,F,High School or Below,416516.66,55897.0,104.0,0,Personal Auto,Four-Door Car,499.2
628,WZ53904,Arizona,M,Bachelor,265998.06,21297.0,71.0,0,Personal Auto,Four-Door Car,45.507952
629,AA71604,Arizona,F,Master,1198659.21,87560.0,98.0,1,Personal Auto,Two-Door Car,470.4
630,VX39856,Arizona,F,Doctor,350045.44,89398.0,86.0,0,Personal Auto,Four-Door Car,82.409922
631,TP51897,California,F,College,262180.86,36843.0,68.0,3,Corporate Auto,Four-Door Car,357.642982
632,EI91403,California,M,High School or Below,257827.1,34946.0,65.0,0,Personal Auto,Two-Door Car,420.35698
633,QG15435,Arizona,F,College,624259.57,75680.0,78.0,0,Personal Auto,Four-Door Car,136.787725
634,HX77930,Washington,F,College,313643.21,49532.0,79.0,1,Personal Auto,Four-Door Car,220.186677
635,UN37063,Arizona,M,Bachelor,452536.58,10269.0,65.0,0,Personal Auto,Two-Door Car,170.798204
636,VB87946,California,M,College,497035.73,49714.0,63.0,3,Personal Auto,Four-Door Car,266.165535
637,AB60627,California,M,High School or Below,1546778.9,77517.0,129.0,0,Corporate Auto,SUV,98.921782
638,TA34903,Oregon,M,High School or Below,583889.92,81082.0,73.0,0,Personal Auto,Four-Door Car,281.295903
639,AQ51368,Oregon,F,Bachelor,1065688.2,72540.0,88.0,0,Corporate Auto,Two-Door Car,631.743039
640,GB45753,California,M,High School or Below,543980.42,61546.0,68.0,0,Corporate Auto,Two-Door Car,29.209521
641,BV79904,California,F,Master,795615.01,44818.0,67.0,1,Personal Auto,Two-Door Car,136.883999
642,OB49075,Arizona,M,Bachelor,445811.34,17622.0,65.0,1,Personal Auto,Four-Door Car,312.0
643,JO63462,California,M,Bachelor,330799.9,79797.0,84.0,0,Corporate Auto,Two-Door Car,31.755601
644,NJ10602,Washington,F,College,845905.32,92717.0,70.0,0,Personal Auto,Two-Door Car,224.27582
645,RS24501,Oregon,F,College,1335012.09,28919.0,173.0,0,Personal Auto,SUV,830.4
646,SU56153,Nevada,M,Bachelor,777683.52,63568.0,65.0,0,Corporate Auto,Two-Door Car,390.792553
647,MN20737,Nevada,F,College,255367.22,73935.0,64.0,1,Corporate Auto,Four-Door Car,72.071195
648,YQ15567,Oregon,F,Bachelor,903430.58,18846.0,115.0,0,Personal Auto,SUV,552.0
649,TR88637,Arizona,F,High School or Below,810591.08,38893.0,103.0,0,Personal Auto,SUV,41.965252
650,XX88577,California,M,Bachelor,1572713.06,84824.0,196.0,0,Corporate Auto,SUV,319.820747
651,NE49052,California,F,High School or Below,661801.64,20068.0,86.0,0,Corporate Auto,Four-Door Car,411.011162
652,WH32183,California,M,Bachelor,832307.4,97245.0,70.0,0,Personal Auto,Four-Door Car,4.110585
653,ES90681,California,F,College,241776.0,51808.0,61.0,1,Personal Auto,Four-Door Car,351.149904
654,DW96592,California,M,Bachelor,804487.24,71391.0,67.0,0,Personal Auto,Four-Door Car,284.000172
655,MB90871,Oregon,F,College,584741.52,23496.0,77.0,0,Special Auto,Four-Door Car,13.164097
656,QL77686,Nevada,F,College,472478.61,23986.0,119.0,0,Corporate Auto,SUV,463.335061
657,ON77827,Arizona,F,Master,279022.8,22974.0,71.0,0,Personal Auto,Four-Door Car,180.667969
658,TI92884,Arizona,M,Bachelor,1262283.27,61844.0,106.0,0,Personal Auto,Luxury,508.8
659,JH73503,Arizona,M,Doctor,2017196.15,24804.0,73.0,0,Personal Auto,Two-Door Car,350.4
660,YE97964,California,F,Bachelor,1646436.59,27760.0,104.0,0,Personal Auto,SUV,302.764283
661,VA30351,Oregon,F,High School or Below,559538.99,74454.0,71.0,0,Personal Auto,Four-Door Car,340.8
662,PV55726,Oregon,F,Master,417068.73,29462.0,107.0,1,Personal Auto,SUV,513.6
663,UC88305,Arizona,F,College,266544.71,52266.0,68.0,0,Corporate Auto,Two-Door Car,141.922839
664,ZV32120,California,M,Doctor,397134.51,23599.0,103.0,0,Corporate Auto,SUV,494.4
665,FB80807,Oregon,M,Bachelor,552821.28,36088.0,72.0,0,Personal Auto,Four-Door Car,345.6
666,AS55677,California,F,High School or Below,833899.58,70534.0,104.0,0,Personal Auto,Four-Door Car,54.065538
667,WA15684,Oregon,M,College,3844585.59,27398.0,125.0,1,Personal Auto,SUV,600.0
668,SA50567,Nevada,M,Bachelor,544855.52,85296.0,68.0,0,Personal Auto,Four-Door Car,342.515136
669,KJ31611,Arizona,M,High School or Below,1080806.6,31063.0,92.0,0,Personal Auto,Four-Door Car,441.6
670,KN21017,Nevada,M,High School or Below,320822.59,52367.0,81.0,0,Personal Auto,Four-Door Car,275.989978
671,PX44289,Arizona,M,College,548010.41,58651.0,71.0,0,Personal Auto,Four-Door Car,472.599683
672,AM97901,Nevada,F,College,2298615.39,84831.0,192.0,0,Special Auto,Luxury,1336.931716
673,RE42925,Oregon,M,Bachelor,1310792.59,49088.0,114.0,1,Corporate Auto,SUV,547.2
674,TR81766,California,F,College,746292.63,70263.0,93.0,0,Corporate Auto,Two-Door Car,7.345946
675,CH85057,Oregon,F,Doctor,1146399.1,45354.0,285.0,0,Personal Auto,Luxury,540.141566
676,EG40670,California,F,Bachelor,623268.79,28334.0,83.0,0,Special Auto,Four-Door Car,537.765151
677,HV83672,Oregon,F,Bachelor,2839332.99,38772.0,90.0,0,Personal Auto,Four-Door Car,321.873474
678,MG10140,Oregon,F,College,374675.16,41479.0,94.0,1,Personal Auto,Two-Door Car,19.575683
679,TC44716,California,M,Bachelor,2156933.73,23909.0,119.0,0,Personal Auto,SUV,571.2
680,QO65264,California,M,College,501208.37,48328.0,63.0,0,Personal Auto,Two-Door Car,108.138715
681,EB66698,California,M,High School or Below,337185.84,86689.0,85.0,0,Corporate Auto,Two-Door Car,408.0
682,OT52034,California,M,Bachelor,386477.68,24204.0,99.0,1,Personal Auto,Four-Door Car,707.303416
683,CH85444,Oregon,M,College,414571.19,25943.0,110.0,0,Corporate Auto,Two-Door Car,1067.333126
684,UI73201,California,M,College,366737.5,62375.0,92.0,0,Personal Auto,Two-Door Car,618.630955
685,SI31236,Oregon,M,Bachelor,1017133.9,70200.0,65.0,0,Corporate Auto,Four-Door Car,312.0
686,JN26745,Nevada,F,Bachelor,413577.52,0.0,112.0,0,Special Auto,Four-Door Car,707.977614
687,VK48036,Oregon,F,College,551149.11,79027.0,70.0,0,Corporate Auto,Four-Door Car,336.0
688,JX76668,Washington,F,High School or Below,1131424.39,62935.0,141.0,0,Personal Auto,Luxury,232.242326
689,DS45802,California,F,High School or Below,541461.73,26893.0,68.0,0,Personal Auto,Four-Door Car,68.226001
690,OA96690,Oregon,F,High School or Below,742159.35,47406.0,94.0,1,Personal Auto,Four-Door Car,287.149807
691,EM27919,California,M,Bachelor,445811.34,17622.0,65.0,1,Personal Auto,Four-Door Car,312.0
692,QO41043,Oregon,F,College,1447612.49,27572.0,124.0,0,Corporate Auto,SUV,595.2
693,PR31642,Oregon,F,Bachelor,452527.65,32802.0,114.0,0,Personal Auto,SUV,547.2
694,BU41599,Washington,F,Master,558176.13,62739.0,70.0,0,Personal Auto,Two-Door Car,239.328571
695,TK30357,California,F,Bachelor,1413434.74,90844.0,118.0,0,Personal Auto,SUV,232.674417
696,NF31087,Nevada,F,High School or Below,2472318.31,44685.0,69.0,0,Personal Auto,Four-Door Car,331.2
697,OS75493,California,F,High School or Below,384848.36,42589.0,98.0,0,Corporate Auto,Four-Door Car,470.4
698,QS75550,Washington,F,Bachelor,248004.59,93383.0,62.0,0,Corporate Auto,Two-Door Car,244.212286
699,SZ16483,Arizona,F,High School or Below,436137.29,79583.0,109.0,2,Personal Auto,Four-Door Car,523.2
700,VM92311,Arizona,F,High School or Below,252907.75,89129.0,64.0,0,Personal Auto,Four-Door Car,328.870868
701,WZ31900,Oregon,F,Bachelor,864970.06,94389.0,107.0,0,Corporate Auto,SUV,85.063708
702,ZM86949,Oregon,F,High School or Below,2063508.46,84106.0,64.0,0,Personal Auto,Two-Door Car,334.408717
703,QQ39596,Arizona,F,College,251753.36,0.0,69.0,0,Personal Auto,Four-Door Car,42.096415
704,FH51383,California,F,High School or Below,532667.77,76717.0,66.0,0,Personal Auto,Two-Door Car,300.528579
705,BJ53923,Arizona,M,High School or Below,260027.21,51978.0,66.0,0,Corporate Auto,Four-Door Car,144.782152
706,CZ96653,Oregon,F,Bachelor,853479.28,47325.0,107.0,0,Personal Auto,SUV,64.598216
707,FB23788,Oregon,M,High School or Below,882883.5,86721.0,111.0,0,Corporate Auto,SUV,532.8
708,NT43594,Nevada,F,Bachelor,224844.96,24910.0,63.0,1,Personal Auto,Four-Door Car,347.857619
709,RJ85627,Washington,F,Bachelor,1230276.24,43817.0,62.0,1,Personal Auto,Four-Door Car,245.447622
710,PI47776,Oregon,F,Bachelor,253070.51,89451.0,63.0,0,Corporate Auto,Four-Door Car,61.769564
711,MD73554,California,M,College,525198.4,59537.0,66.0,0,Personal Auto,Two-Door Car,316.8
712,UX92071,Oregon,M,High School or Below,674311.93,0.0,199.0,0,Personal Auto,Luxury,955.2
713,YG44474,Oregon,M,College,1401472.13,54193.0,117.0,0,Corporate Auto,SUV,720.752945
714,UH45301,Oregon,M,College,943891.56,86946.0,118.0,0,Personal Auto,Four-Door Car,340.656963
715,RY92647,California,F,Bachelor,1050677.17,0.0,92.0,0,Personal Auto,Four-Door Car,546.524896
716,IK12620,Arizona,F,High School or Below,421391.86,12160.0,109.0,0,Personal Auto,Four-Door Car,489.411833
717,GQ66762,California,M,College,477368.64,33701.0,63.0,0,Personal Auto,Four-Door Car,171.325856
718,YT69858,Washington,F,Bachelor,544142.01,85702.0,67.0,0,Personal Auto,Two-Door Car,249.085887
719,XD85577,California,M,Bachelor,284226.69,69417.0,73.0,1,Personal Auto,Four-Door Car,30.874869
720,TM65736,Oregon,M,Master,305955.03,38644.0,78.0,1,Personal Auto,Four-Door Car,361.455219
721,VJ51327,California,F,High School or Below,2031499.76,63209.0,102.0,2,Personal Auto,SUV,207.320041
722,GS98873,Arizona,F,Bachelor,323912.47,16061.0,88.0,0,Personal Auto,Four-Door Car,633.6
723,CW49887,Californiafornia,F,Master,462680.11,79487.0,114.0,0,Special Auto,SUV,547.2
724,MY31220,Californiafornia,F,College,899704.02,54230.0,112.0,0,Personal Auto,Two-Door Car,537.6
